{
  "name": "oauth-login-backend",
  "version": "1.0.0",
  "description": "OAuth2 Social Login Backend",
  "main": "server.js",
  "scripts": {
    "start": "node server.js",
    "dev": "nodemon server.js",
    "seed": "node scripts/seed.js"
  },
  "keywords": [
    "oauth",
    "mern",
    "authentication"
  ],
  "author": "Your Name",
  "license": "MIT",
  "dependencies": {
    "connect-mongo": "^5.1.0",
    "cookie-parser": "^1.4.7",
    "cors": "^2.8.5",
    "dotenv": "^16.6.1",
    "express": "^4.21.2",
    "express-rate-limit": "^7.5.1",
    "express-session": "^1.18.2",
    "helmet": "^7.2.0",
    "jsonwebtoken": "^9.0.2",
    "mongoose": "^8.19.3",
    "passport": "^0.7.0",
    "passport-facebook": "^3.0.0",
    "passport-google-oauth20": "^2.0.0"
  },
  "devDependencies": {
    "nodemon": "^3.1.10"
  },
  "type": "commonjs"
}
